id,image_path,target
0029a2442ab0,train/0029a2442ab0.jpg,mixed_resource
00b36f247900,train/00b36f247900.jpg,mixed_resource
01005e1d0b6c,train/01005e1d0b6c.jpg,forage_dominant
016553811943,train/016553811943.jpg,brood_dominant
016d39860594,train/016d39860594.jpg,brood_dominant
01ce959e4191,train/01ce959e4191.jpg,mixed_resource
01e1d7371223,train/01e1d7371223.jpg,brood_dominant
022d75727fec,train/022d75727fec.jpg,forage_dominant
0230a181d6d9,train/0230a181d6d9.jpg,forage_dominant
024dea6e68a3,train/024dea6e68a3.jpg,forage_dominant
02aca501ecf9,train/02aca501ecf9.jpg,mixed_resource
02cc58257135,train/02cc58257135.jpg,brood_dominant
02e31850114b,train/02e31850114b.jpg,forage_dominant
02f2d2140f7b,train/02f2d2140f7b.jpg,brood_dominant
03217099e366,train/03217099e366.jpg,brood_dominant
04363b27985e,train/04363b27985e.jpg,mixed_resource
044a9bcfebd7,train/044a9bcfebd7.jpg,mixed_resource
0465a210c4a6,train/0465a210c4a6.jpg,sparse_uncertain
047349f8e50b,train/047349f8e50b.jpg,sparse_uncertain
0512208d1386,train/0512208d1386.jpg,brood_dominant
0570f796b71f,train/0570f796b71f.jpg,mixed_resource
061eaec4d33f,train/061eaec4d33f.jpg,mixed_resource
0632a5c74a0b,train/0632a5c74a0b.jpg,brood_dominant
06b17557b133,train/06b17557b133.jpg,brood_dominant
075c80f67dcd,train/075c80f67dcd.jpg,mixed_resource
078f1e49bfdb,train/078f1e49bfdb.jpg,forage_dominant
0793fabd6222,train/0793fabd6222.jpg,sparse_uncertain
07b32a10e0a7,train/07b32a10e0a7.jpg,forage_dominant
07e0a90d994f,train/07e0a90d994f.jpg,forage_dominant
0921ce8a1eeb,train/0921ce8a1eeb.jpg,forage_dominant
092c80619345,train/092c80619345.jpg,mixed_resource
093a83d2155c,train/093a83d2155c.jpg,mixed_resource
09727a034cbc,train/09727a034cbc.jpg,brood_dominant
0973cde47789,train/0973cde47789.jpg,forage_dominant
097a1f4ec872,train/097a1f4ec872.jpg,mixed_resource
099b8f40ccb6,train/099b8f40ccb6.jpg,brood_dominant
09f64cb3e027,train/09f64cb3e027.jpg,forage_dominant
0a171cd32195,train/0a171cd32195.jpg,brood_dominant
0a3525197374,train/0a3525197374.jpg,brood_dominant
0a6426fc1dc0,train/0a6426fc1dc0.jpg,forage_dominant
0a763666b9ab,train/0a763666b9ab.jpg,forage_dominant
0ae2337e8301,train/0ae2337e8301.jpg,sparse_uncertain
0b0fe452fa88,train/0b0fe452fa88.jpg,brood_dominant
0b16645a9b15,train/0b16645a9b15.jpg,brood_dominant
0b54f49ba8fb,train/0b54f49ba8fb.jpg,brood_dominant
0b813d909914,train/0b813d909914.jpg,sparse_uncertain
0ba9baba435e,train/0ba9baba435e.jpg,brood_dominant
0bb00f6c4ecc,train/0bb00f6c4ecc.jpg,forage_dominant
0c09228711d9,train/0c09228711d9.jpg,forage_dominant
0ca5f92c4b38,train/0ca5f92c4b38.jpg,forage_dominant
0cdb3aa4ec1f,train/0cdb3aa4ec1f.jpg,forage_dominant
0cefc4772b9e,train/0cefc4772b9e.jpg,brood_dominant
0d8d36d176c6,train/0d8d36d176c6.jpg,mixed_resource
0dc054110f7e,train/0dc054110f7e.jpg,brood_dominant
0dc7b978e6b5,train/0dc7b978e6b5.jpg,forage_dominant
0dd5a5b2f3a6,train/0dd5a5b2f3a6.jpg,forage_dominant
0de9d335b303,train/0de9d335b303.jpg,brood_dominant
0dec8ca34af0,train/0dec8ca34af0.jpg,forage_dominant
0e45b656b9e8,train/0e45b656b9e8.jpg,brood_dominant
0f20e20cbe9e,train/0f20e20cbe9e.jpg,sparse_uncertain
0f5766ace629,train/0f5766ace629.jpg,forage_dominant
0f733f2ee7b6,train/0f733f2ee7b6.jpg,brood_dominant
0f83f3707c4f,train/0f83f3707c4f.jpg,brood_dominant
0fa7335e8a75,train/0fa7335e8a75.jpg,forage_dominant
0fda6dcee955,train/0fda6dcee955.jpg,forage_dominant
1037feb5e59f,train/1037feb5e59f.jpg,forage_dominant
1065cf727da6,train/1065cf727da6.jpg,mixed_resource
10bb3fdc5246,train/10bb3fdc5246.jpg,brood_dominant
1113fb6f8b25,train/1113fb6f8b25.jpg,sparse_uncertain
11409f89bd12,train/11409f89bd12.jpg,sparse_uncertain
1162414492b3,train/1162414492b3.jpg,forage_dominant
11cba11a9663,train/11cba11a9663.jpg,brood_dominant
11e8c56bd323,train/11e8c56bd323.jpg,forage_dominant
124f29b10bc7,train/124f29b10bc7.jpg,brood_dominant
1274f7f6afff,train/1274f7f6afff.jpg,forage_dominant
127e25f0156c,train/127e25f0156c.jpg,forage_dominant
128f5c811036,train/128f5c811036.jpg,brood_dominant
12b6b708586a,train/12b6b708586a.jpg,forage_dominant
13097164d935,train/13097164d935.jpg,mixed_resource
136c1b1f5b29,train/136c1b1f5b29.jpg,mixed_resource
1375358e937b,train/1375358e937b.jpg,brood_dominant
13c508f6f9da,train/13c508f6f9da.jpg,forage_dominant
13ed6a06cd69,train/13ed6a06cd69.jpg,forage_dominant
141535b41686,train/141535b41686.jpg,sparse_uncertain
14394050e642,train/14394050e642.jpg,forage_dominant
1449a85a7fb2,train/1449a85a7fb2.jpg,forage_dominant
1486cf00fffb,train/1486cf00fffb.jpg,brood_dominant
148951af1862,train/148951af1862.jpg,sparse_uncertain
151766026880,train/151766026880.jpg,brood_dominant
15af7d8e4eb8,train/15af7d8e4eb8.jpg,forage_dominant
15e538c6b072,train/15e538c6b072.jpg,mixed_resource
165edebb8270,train/165edebb8270.jpg,sparse_uncertain
16c1a3356da2,train/16c1a3356da2.jpg,brood_dominant
17017860cd21,train/17017860cd21.jpg,mixed_resource
175c5a29854e,train/175c5a29854e.jpg,brood_dominant
179682de73c3,train/179682de73c3.jpg,forage_dominant
17c1d741ae00,train/17c1d741ae00.jpg,forage_dominant
17dd3c4f9604,train/17dd3c4f9604.jpg,sparse_uncertain
1815a40cb477,train/1815a40cb477.jpg,brood_dominant
1856fd7af7a1,train/1856fd7af7a1.jpg,sparse_uncertain
189434393e9c,train/189434393e9c.jpg,forage_dominant
18d065909ed0,train/18d065909ed0.jpg,mixed_resource
18fc3d4ca47a,train/18fc3d4ca47a.jpg,brood_dominant
18fcb102e879,train/18fcb102e879.jpg,sparse_uncertain
196e430d370c,train/196e430d370c.jpg,forage_dominant
197744ec600a,train/197744ec600a.jpg,brood_dominant
1a4da83e2b85,train/1a4da83e2b85.jpg,brood_dominant
1a82fec69d3a,train/1a82fec69d3a.jpg,mixed_resource
1aaeb08e2478,train/1aaeb08e2478.jpg,forage_dominant
1ab1ff5ddeec,train/1ab1ff5ddeec.jpg,sparse_uncertain
1adbc0339f69,train/1adbc0339f69.jpg,forage_dominant
1b1aa806a26c,train/1b1aa806a26c.jpg,brood_dominant
1bdc145d2878,train/1bdc145d2878.jpg,brood_dominant
1c5fb6322184,train/1c5fb6322184.jpg,forage_dominant
1c927b4f6a2d,train/1c927b4f6a2d.jpg,brood_dominant
1cf2008e89a2,train/1cf2008e89a2.jpg,sparse_uncertain
1cf724354626,train/1cf724354626.jpg,forage_dominant
1d5eec31ea81,train/1d5eec31ea81.jpg,brood_dominant
1d79db4dcac1,train/1d79db4dcac1.jpg,forage_dominant
1d9d54a5add4,train/1d9d54a5add4.jpg,forage_dominant
1dbd3c7ddffb,train/1dbd3c7ddffb.jpg,mixed_resource
1dc67c963d67,train/1dc67c963d67.jpg,mixed_resource
1e07c885cc35,train/1e07c885cc35.jpg,forage_dominant
1e14a6145334,train/1e14a6145334.jpg,brood_dominant
1e28d1241cd5,train/1e28d1241cd5.jpg,brood_dominant
1e6917edb7ed,train/1e6917edb7ed.jpg,forage_dominant
1e7f8eff8538,train/1e7f8eff8538.jpg,brood_dominant
1f0a6454b792,train/1f0a6454b792.jpg,forage_dominant
1f10f7d269f8,train/1f10f7d269f8.jpg,forage_dominant
1f1717bbf76c,train/1f1717bbf76c.jpg,brood_dominant
1f2fc84244f6,train/1f2fc84244f6.jpg,forage_dominant
1f3650c77955,train/1f3650c77955.jpg,forage_dominant
1f92b86f11e8,train/1f92b86f11e8.jpg,sparse_uncertain
20465db86e23,train/20465db86e23.jpg,forage_dominant
207c00a9de66,train/207c00a9de66.jpg,mixed_resource
2117fb445f51,train/2117fb445f51.jpg,forage_dominant
2118dd18baee,train/2118dd18baee.jpg,forage_dominant
21523749e957,train/21523749e957.jpg,brood_dominant
215b57fe107e,train/215b57fe107e.jpg,forage_dominant
21ea0ad73cd9,train/21ea0ad73cd9.jpg,forage_dominant
22184e1347cc,train/22184e1347cc.jpg,forage_dominant
226a4854e436,train/226a4854e436.jpg,brood_dominant
23463d81e87f,train/23463d81e87f.jpg,forage_dominant
236012c0db9b,train/236012c0db9b.jpg,mixed_resource
23d4b832d1b4,train/23d4b832d1b4.jpg,brood_dominant
2472ec9d5454,train/2472ec9d5454.jpg,brood_dominant
2483176d0823,train/2483176d0823.jpg,brood_dominant
24c090a19cf4,train/24c090a19cf4.jpg,brood_dominant
250d12488fe6,train/250d12488fe6.jpg,mixed_resource
2536ee79f1ab,train/2536ee79f1ab.jpg,brood_dominant
2554406d66ad,train/2554406d66ad.jpg,forage_dominant
25830ea820f0,train/25830ea820f0.jpg,forage_dominant
26317ee8ec6d,train/26317ee8ec6d.jpg,sparse_uncertain
2637108d206b,train/2637108d206b.jpg,brood_dominant
263868757023,train/263868757023.jpg,forage_dominant
272733f69576,train/272733f69576.jpg,forage_dominant
2735de63fc5c,train/2735de63fc5c.jpg,brood_dominant
2746b9376062,train/2746b9376062.jpg,brood_dominant
275b5a394eb4,train/275b5a394eb4.jpg,forage_dominant
277ffdfbf744,train/277ffdfbf744.jpg,forage_dominant
27b1ab5e1a81,train/27b1ab5e1a81.jpg,brood_dominant
27f0e08bab50,train/27f0e08bab50.jpg,forage_dominant
285a407f50e4,train/285a407f50e4.jpg,brood_dominant
28618628e2bf,train/28618628e2bf.jpg,mixed_resource
28b8d0fd3196,train/28b8d0fd3196.jpg,forage_dominant
28c3333c1ab4,train/28c3333c1ab4.jpg,forage_dominant
291d4bbfb523,train/291d4bbfb523.jpg,forage_dominant
294e1cca5fb4,train/294e1cca5fb4.jpg,mixed_resource
299ba6c896c5,train/299ba6c896c5.jpg,forage_dominant
29af5c411f75,train/29af5c411f75.jpg,sparse_uncertain
29c8da327c0d,train/29c8da327c0d.jpg,forage_dominant
29daecf5dfac,train/29daecf5dfac.jpg,forage_dominant
2b01085b3bce,train/2b01085b3bce.jpg,sparse_uncertain
2b665ed6cf2b,train/2b665ed6cf2b.jpg,sparse_uncertain
2b90c32d4560,train/2b90c32d4560.jpg,sparse_uncertain
2ba3e96b6d57,train/2ba3e96b6d57.jpg,forage_dominant
2bc8a66863b9,train/2bc8a66863b9.jpg,forage_dominant
2bd723291df5,train/2bd723291df5.jpg,sparse_uncertain
2c017d3d6d7b,train/2c017d3d6d7b.jpg,brood_dominant
2c14eeb77f99,train/2c14eeb77f99.jpg,brood_dominant
2c5d748b39fd,train/2c5d748b39fd.jpg,forage_dominant
2c63f0bc8eaa,train/2c63f0bc8eaa.jpg,forage_dominant
2cfd1b40e75e,train/2cfd1b40e75e.jpg,brood_dominant
2d0bc88f219d,train/2d0bc88f219d.jpg,brood_dominant
2d3c9693d1f3,train/2d3c9693d1f3.jpg,brood_dominant
2d7467237f94,train/2d7467237f94.jpg,mixed_resource
2d7f3ca2c8aa,train/2d7f3ca2c8aa.jpg,brood_dominant
2ddf4e08f952,train/2ddf4e08f952.jpg,forage_dominant
2e34d758ca88,train/2e34d758ca88.jpg,mixed_resource
2e7ab7750221,train/2e7ab7750221.jpg,brood_dominant
2f5def54ffce,train/2f5def54ffce.jpg,brood_dominant
30461475ecb4,train/30461475ecb4.jpg,brood_dominant
3051c12635ee,train/3051c12635ee.jpg,brood_dominant
309a10965b76,train/309a10965b76.jpg,brood_dominant
309e8682a4db,train/309e8682a4db.jpg,sparse_uncertain
30afef702db3,train/30afef702db3.jpg,forage_dominant
30d7f4c0b9dd,train/30d7f4c0b9dd.jpg,mixed_resource
30ede8f28829,train/30ede8f28829.jpg,forage_dominant
30fed29d5f0a,train/30fed29d5f0a.jpg,forage_dominant
31974a9ed54e,train/31974a9ed54e.jpg,forage_dominant
31eb83546808,train/31eb83546808.jpg,forage_dominant
3276be713740,train/3276be713740.jpg,forage_dominant
327cfae54e8c,train/327cfae54e8c.jpg,brood_dominant
3299cf347dcb,train/3299cf347dcb.jpg,brood_dominant
3307428ad230,train/3307428ad230.jpg,sparse_uncertain
3365fc0b3e61,train/3365fc0b3e61.jpg,sparse_uncertain
3385e543b9e0,train/3385e543b9e0.jpg,brood_dominant
33ed76125150,train/33ed76125150.jpg,mixed_resource
3405314b1303,train/3405314b1303.jpg,brood_dominant
3429074d8e67,train/3429074d8e67.jpg,forage_dominant
342ea2841f42,train/342ea2841f42.jpg,brood_dominant
342f90e06154,train/342f90e06154.jpg,mixed_resource
34a5a2da86d3,train/34a5a2da86d3.jpg,mixed_resource
355e4d6a67ff,train/355e4d6a67ff.jpg,forage_dominant
35c241716414,train/35c241716414.jpg,sparse_uncertain
363aa5d490f2,train/363aa5d490f2.jpg,mixed_resource
3645486adbc2,train/3645486adbc2.jpg,forage_dominant
3657ce82ed26,train/3657ce82ed26.jpg,brood_dominant
36b2b836ffa7,train/36b2b836ffa7.jpg,mixed_resource
370be7fe09e6,train/370be7fe09e6.jpg,mixed_resource
374c998bcc42,train/374c998bcc42.jpg,brood_dominant
375d8a844821,train/375d8a844821.jpg,forage_dominant
37d18b7c15a8,train/37d18b7c15a8.jpg,mixed_resource
3814b5dde200,train/3814b5dde200.jpg,brood_dominant
383d36fe85e7,train/383d36fe85e7.jpg,forage_dominant
3881db418e95,train/3881db418e95.jpg,sparse_uncertain
38ffc022a07c,train/38ffc022a07c.jpg,brood_dominant
39007242c630,train/39007242c630.jpg,forage_dominant
391dbe1c22cb,train/391dbe1c22cb.jpg,forage_dominant
3928c2b34244,train/3928c2b34244.jpg,mixed_resource
39d3d5f0b6c3,train/39d3d5f0b6c3.jpg,brood_dominant
3a3cce6af6c7,train/3a3cce6af6c7.jpg,sparse_uncertain
3a3dfe9e4754,train/3a3dfe9e4754.jpg,mixed_resource
3a86732f6c37,train/3a86732f6c37.jpg,mixed_resource
3abd2e7d877e,train/3abd2e7d877e.jpg,forage_dominant
3ae26b4c12d0,train/3ae26b4c12d0.jpg,sparse_uncertain
3bc5457f7db0,train/3bc5457f7db0.jpg,brood_dominant
3bd2a7407912,train/3bd2a7407912.jpg,forage_dominant
3c14c22af858,train/3c14c22af858.jpg,forage_dominant
3c798753b78c,train/3c798753b78c.jpg,sparse_uncertain
3cc5f087fa31,train/3cc5f087fa31.jpg,brood_dominant
3ce37b1558c4,train/3ce37b1558c4.jpg,forage_dominant
3d2dff8a444b,train/3d2dff8a444b.jpg,forage_dominant
3d669d9fb5d4,train/3d669d9fb5d4.jpg,forage_dominant
3ddd008bb902,train/3ddd008bb902.jpg,brood_dominant
3ddf239b2247,train/3ddf239b2247.jpg,brood_dominant
3df580200e1d,train/3df580200e1d.jpg,forage_dominant
3e0815be3856,train/3e0815be3856.jpg,forage_dominant
3e18980dff14,train/3e18980dff14.jpg,brood_dominant
3e37a416999f,train/3e37a416999f.jpg,forage_dominant
3e54a823d945,train/3e54a823d945.jpg,brood_dominant
3ec1467fd5e0,train/3ec1467fd5e0.jpg,mixed_resource
3ecf5082ad98,train/3ecf5082ad98.jpg,forage_dominant
3f3f480b93fe,train/3f3f480b93fe.jpg,mixed_resource
3f8a7b398bff,train/3f8a7b398bff.jpg,forage_dominant
3f997fdb4a83,train/3f997fdb4a83.jpg,forage_dominant
403976b83954,train/403976b83954.jpg,sparse_uncertain
40ad90379ae2,train/40ad90379ae2.jpg,brood_dominant
40f594aa6680,train/40f594aa6680.jpg,forage_dominant
410482291651,train/410482291651.jpg,forage_dominant
4151f74c5c5b,train/4151f74c5c5b.jpg,sparse_uncertain
41524278d8a2,train/41524278d8a2.jpg,forage_dominant
418f879c362b,train/418f879c362b.jpg,mixed_resource
41941311d9b9,train/41941311d9b9.jpg,brood_dominant
423e001a9588,train/423e001a9588.jpg,forage_dominant
438708c4e82c,train/438708c4e82c.jpg,sparse_uncertain
4412a7553364,train/4412a7553364.jpg,forage_dominant
4430793dac62,train/4430793dac62.jpg,forage_dominant
4438ab0e257c,train/4438ab0e257c.jpg,forage_dominant
445d4e5855a5,train/445d4e5855a5.jpg,mixed_resource
44c0a22db89b,train/44c0a22db89b.jpg,mixed_resource
451ba20c9dfd,train/451ba20c9dfd.jpg,forage_dominant
45479a7f4c07,train/45479a7f4c07.jpg,forage_dominant
455c347fbe42,train/455c347fbe42.jpg,forage_dominant
45a360baa974,train/45a360baa974.jpg,brood_dominant
45b74357e524,train/45b74357e524.jpg,forage_dominant
45e115d6c264,train/45e115d6c264.jpg,brood_dominant
45f4edb2e0f9,train/45f4edb2e0f9.jpg,brood_dominant
46106c82e569,train/46106c82e569.jpg,sparse_uncertain
4615977f4994,train/4615977f4994.jpg,brood_dominant
461a3cb6b78b,train/461a3cb6b78b.jpg,mixed_resource
4633decc918c,train/4633decc918c.jpg,forage_dominant
4690c8cc7da6,train/4690c8cc7da6.jpg,brood_dominant
476a30887a11,train/476a30887a11.jpg,brood_dominant
479e34286c65,train/479e34286c65.jpg,mixed_resource
47b5acd34942,train/47b5acd34942.jpg,sparse_uncertain
47d5841959fc,train/47d5841959fc.jpg,forage_dominant
486545897188,train/486545897188.jpg,mixed_resource
48bd31fc1ca3,train/48bd31fc1ca3.jpg,forage_dominant
48ed53d1cf4b,train/48ed53d1cf4b.jpg,mixed_resource
497d86f82df9,train/497d86f82df9.jpg,sparse_uncertain
4a5f81bd1eea,train/4a5f81bd1eea.jpg,forage_dominant
4ab0446be46f,train/4ab0446be46f.jpg,sparse_uncertain
4b2e1e5bf3b5,train/4b2e1e5bf3b5.jpg,forage_dominant
4b2f602998b1,train/4b2f602998b1.jpg,mixed_resource
4b5747ab28f5,train/4b5747ab28f5.jpg,brood_dominant
4b67db715a01,train/4b67db715a01.jpg,brood_dominant
4c355735efc1,train/4c355735efc1.jpg,sparse_uncertain
4cda0ac52751,train/4cda0ac52751.jpg,forage_dominant
4ce765035315,train/4ce765035315.jpg,brood_dominant
4d17f84902a2,train/4d17f84902a2.jpg,mixed_resource
4d71edfbd81f,train/4d71edfbd81f.jpg,sparse_uncertain
4d8bc5e499e8,train/4d8bc5e499e8.jpg,forage_dominant
4da6a2f83c28,train/4da6a2f83c28.jpg,forage_dominant
4da7a5d97455,train/4da7a5d97455.jpg,mixed_resource
4e061925a70b,train/4e061925a70b.jpg,sparse_uncertain
4ea0aa882b54,train/4ea0aa882b54.jpg,mixed_resource
4f66674f1547,train/4f66674f1547.jpg,forage_dominant
4fc06012fdfa,train/4fc06012fdfa.jpg,forage_dominant
4fc2c8ee42c8,train/4fc2c8ee42c8.jpg,mixed_resource
4fcc7899006a,train/4fcc7899006a.jpg,brood_dominant
4fcd381685a5,train/4fcd381685a5.jpg,forage_dominant
505303c23f1a,train/505303c23f1a.jpg,brood_dominant
511f08417508,train/511f08417508.jpg,brood_dominant
5264c85077f6,train/5264c85077f6.jpg,brood_dominant
526b0d2b9b1f,train/526b0d2b9b1f.jpg,mixed_resource
52832d237f84,train/52832d237f84.jpg,brood_dominant
52833be2982d,train/52833be2982d.jpg,brood_dominant
5291facd6913,train/5291facd6913.jpg,brood_dominant
52bf26ee8e15,train/52bf26ee8e15.jpg,forage_dominant
52c47871b626,train/52c47871b626.jpg,mixed_resource
52cba8bb69dd,train/52cba8bb69dd.jpg,sparse_uncertain
53168c0d9b3d,train/53168c0d9b3d.jpg,forage_dominant
53729500a289,train/53729500a289.jpg,forage_dominant
53d6f38e4c65,train/53d6f38e4c65.jpg,mixed_resource
545f0e3b03f4,train/545f0e3b03f4.jpg,mixed_resource
54626b2d3631,train/54626b2d3631.jpg,brood_dominant
547200ba100a,train/547200ba100a.jpg,brood_dominant
54e53d926751,train/54e53d926751.jpg,forage_dominant
5526d607f561,train/5526d607f561.jpg,forage_dominant
5528d728757b,train/5528d728757b.jpg,forage_dominant
553e805a7274,train/553e805a7274.jpg,forage_dominant
55a7fa0ce399,train/55a7fa0ce399.jpg,brood_dominant
55bbcc3ac14c,train/55bbcc3ac14c.jpg,brood_dominant
55ecf48ebf3a,train/55ecf48ebf3a.jpg,forage_dominant
565161084bd3,train/565161084bd3.jpg,sparse_uncertain
565600c4a5b8,train/565600c4a5b8.jpg,brood_dominant
56abad2b4380,train/56abad2b4380.jpg,mixed_resource
56adc1fb9f32,train/56adc1fb9f32.jpg,brood_dominant
5711d96fe77f,train/5711d96fe77f.jpg,mixed_resource
57c3aa50d901,train/57c3aa50d901.jpg,forage_dominant
582c6c4f5fff,train/582c6c4f5fff.jpg,forage_dominant
58d9ef65552d,train/58d9ef65552d.jpg,mixed_resource
591287ae7214,train/591287ae7214.jpg,forage_dominant
597a4876f3d6,train/597a4876f3d6.jpg,sparse_uncertain
5a5f912f9956,train/5a5f912f9956.jpg,forage_dominant
5a788a8c6f3d,train/5a788a8c6f3d.jpg,mixed_resource
5b19f676268e,train/5b19f676268e.jpg,brood_dominant
5bb462cfc740,train/5bb462cfc740.jpg,forage_dominant
5bc9a89518ae,train/5bc9a89518ae.jpg,brood_dominant
5be4cf1818a2,train/5be4cf1818a2.jpg,brood_dominant
5bf5b919461e,train/5bf5b919461e.jpg,forage_dominant
5cb7f7c55d7c,train/5cb7f7c55d7c.jpg,forage_dominant
5cbba582e569,train/5cbba582e569.jpg,forage_dominant
5cdcda0c4e6f,train/5cdcda0c4e6f.jpg,mixed_resource
5ce42355fa71,train/5ce42355fa71.jpg,mixed_resource
5d379e1aafbc,train/5d379e1aafbc.jpg,forage_dominant
5d46a7a40892,train/5d46a7a40892.jpg,forage_dominant
5d7c57b99ffc,train/5d7c57b99ffc.jpg,sparse_uncertain
5e16927bcd13,train/5e16927bcd13.jpg,brood_dominant
5e39520dddeb,train/5e39520dddeb.jpg,brood_dominant
5e3bbf9ada0b,train/5e3bbf9ada0b.jpg,forage_dominant
5e6781ddcd75,train/5e6781ddcd75.jpg,brood_dominant
5eabf42e1785,train/5eabf42e1785.jpg,brood_dominant
5ed4f34894cb,train/5ed4f34894cb.jpg,forage_dominant
5f787789e514,train/5f787789e514.jpg,mixed_resource
601710eb7eac,train/601710eb7eac.jpg,forage_dominant
60543254e2fe,train/60543254e2fe.jpg,brood_dominant
60559b4fab3f,train/60559b4fab3f.jpg,forage_dominant
6076fd83b0a4,train/6076fd83b0a4.jpg,brood_dominant
608c65347b07,train/608c65347b07.jpg,mixed_resource
60b33d66a029,train/60b33d66a029.jpg,brood_dominant
60cc05a239c3,train/60cc05a239c3.jpg,forage_dominant
613137e2eb58,train/613137e2eb58.jpg,brood_dominant
613c3a59f116,train/613c3a59f116.jpg,sparse_uncertain
615726802b5c,train/615726802b5c.jpg,brood_dominant
617b7ebca1be,train/617b7ebca1be.jpg,forage_dominant
61a489f486d6,train/61a489f486d6.jpg,sparse_uncertain
61ae32726a45,train/61ae32726a45.jpg,mixed_resource
61d538e57dce,train/61d538e57dce.jpg,brood_dominant
61fed3e3b4d9,train/61fed3e3b4d9.jpg,forage_dominant
620646498d8c,train/620646498d8c.jpg,mixed_resource
62ab2a2c751d,train/62ab2a2c751d.jpg,brood_dominant
62ccbf391462,train/62ccbf391462.jpg,sparse_uncertain
62d9e3fe66f9,train/62d9e3fe66f9.jpg,brood_dominant
631036b39eca,train/631036b39eca.jpg,forage_dominant
6349d78f5a7d,train/6349d78f5a7d.jpg,brood_dominant
6362d775c01b,train/6362d775c01b.jpg,brood_dominant
637c350c9110,train/637c350c9110.jpg,forage_dominant
639db0dfb185,train/639db0dfb185.jpg,brood_dominant
63a1e300f837,train/63a1e300f837.jpg,brood_dominant
63dcfc138649,train/63dcfc138649.jpg,forage_dominant
6430ed968084,train/6430ed968084.jpg,forage_dominant
64aaf0530842,train/64aaf0530842.jpg,sparse_uncertain
64c6ca7727cc,train/64c6ca7727cc.jpg,forage_dominant
64cc8fa8ce4e,train/64cc8fa8ce4e.jpg,forage_dominant
64dae94da7da,train/64dae94da7da.jpg,sparse_uncertain
64e9aa4b404a,train/64e9aa4b404a.jpg,brood_dominant
652d862bf2e3,train/652d862bf2e3.jpg,forage_dominant
65e50d518dd1,train/65e50d518dd1.jpg,forage_dominant
66565f9955d3,train/66565f9955d3.jpg,brood_dominant
667383305fa1,train/667383305fa1.jpg,sparse_uncertain
6756a0251da9,train/6756a0251da9.jpg,forage_dominant
676c0266556f,train/676c0266556f.jpg,brood_dominant
6792ea079cde,train/6792ea079cde.jpg,forage_dominant
67be9ca91f5c,train/67be9ca91f5c.jpg,sparse_uncertain
67e51303a6b6,train/67e51303a6b6.jpg,brood_dominant
680982e86f84,train/680982e86f84.jpg,forage_dominant
6851a766fbd0,train/6851a766fbd0.jpg,sparse_uncertain
6888d84fb75f,train/6888d84fb75f.jpg,brood_dominant
6899bc3f2a32,train/6899bc3f2a32.jpg,sparse_uncertain
68aa45d0a8a1,train/68aa45d0a8a1.jpg,mixed_resource
68c1bbddb9d2,train/68c1bbddb9d2.jpg,forage_dominant
68e5085ee50a,train/68e5085ee50a.jpg,forage_dominant
695fb10150a3,train/695fb10150a3.jpg,brood_dominant
69aad7295f71,train/69aad7295f71.jpg,forage_dominant
6a0d547fef9d,train/6a0d547fef9d.jpg,forage_dominant
6a17dfbc7167,train/6a17dfbc7167.jpg,brood_dominant
6aec45c1a16e,train/6aec45c1a16e.jpg,sparse_uncertain
6b162a49bd19,train/6b162a49bd19.jpg,brood_dominant
6bc625e5fc45,train/6bc625e5fc45.jpg,brood_dominant
6bc81cb43959,train/6bc81cb43959.jpg,forage_dominant
6c080fb8883b,train/6c080fb8883b.jpg,brood_dominant
6c5687c420ba,train/6c5687c420ba.jpg,forage_dominant
6c5cd7a8d3ea,train/6c5cd7a8d3ea.jpg,brood_dominant
6c909fa59c80,train/6c909fa59c80.jpg,mixed_resource
6cf5bffae88e,train/6cf5bffae88e.jpg,mixed_resource
6d2460b3a686,train/6d2460b3a686.jpg,forage_dominant
6ddfa4731881,train/6ddfa4731881.jpg,sparse_uncertain
6de176d06f89,train/6de176d06f89.jpg,forage_dominant
6df171b99bbb,train/6df171b99bbb.jpg,forage_dominant
6e08acc03afb,train/6e08acc03afb.jpg,forage_dominant
6f550536cd2d,train/6f550536cd2d.jpg,mixed_resource
6f5bc67b5186,train/6f5bc67b5186.jpg,forage_dominant
6f79c0bf09d9,train/6f79c0bf09d9.jpg,forage_dominant
6f9a4a2ae3d5,train/6f9a4a2ae3d5.jpg,sparse_uncertain
702df98a6019,train/702df98a6019.jpg,mixed_resource
70ccad501b13,train/70ccad501b13.jpg,mixed_resource
7116e9b72fe1,train/7116e9b72fe1.jpg,brood_dominant
712306187f08,train/712306187f08.jpg,forage_dominant
7128ab1b5fd0,train/7128ab1b5fd0.jpg,sparse_uncertain
71889494edf1,train/71889494edf1.jpg,forage_dominant
71c7c908e68a,train/71c7c908e68a.jpg,brood_dominant
7220d6ea2ea4,train/7220d6ea2ea4.jpg,brood_dominant
723734c9383e,train/723734c9383e.jpg,brood_dominant
7240f0532f5c,train/7240f0532f5c.jpg,forage_dominant
725888f9ecf7,train/725888f9ecf7.jpg,brood_dominant
7292eb8b8c8a,train/7292eb8b8c8a.jpg,sparse_uncertain
72b979acdbc3,train/72b979acdbc3.jpg,brood_dominant
72c2477ff21f,train/72c2477ff21f.jpg,forage_dominant
73076f2905fc,train/73076f2905fc.jpg,forage_dominant
7391c7edb25b,train/7391c7edb25b.jpg,brood_dominant
7414089ef7a7,train/7414089ef7a7.jpg,sparse_uncertain
743c75ef07dc,train/743c75ef07dc.jpg,brood_dominant
74ce7bd7c283,train/74ce7bd7c283.jpg,mixed_resource
74ce9bd0928b,train/74ce9bd0928b.jpg,sparse_uncertain
75218c7653c8,train/75218c7653c8.jpg,brood_dominant
7544c9cce37c,train/7544c9cce37c.jpg,sparse_uncertain
759543d7d59c,train/759543d7d59c.jpg,brood_dominant
759987633f7c,train/759987633f7c.jpg,forage_dominant
75e939cad408,train/75e939cad408.jpg,mixed_resource
763ff7c34b35,train/763ff7c34b35.jpg,forage_dominant
764ba04b6ac1,train/764ba04b6ac1.jpg,forage_dominant
76558a8dd307,train/76558a8dd307.jpg,brood_dominant
76de376ceab5,train/76de376ceab5.jpg,brood_dominant
76ea892f89fe,train/76ea892f89fe.jpg,forage_dominant
77de8ce1b37c,train/77de8ce1b37c.jpg,brood_dominant
77fa48decec5,train/77fa48decec5.jpg,brood_dominant
783bd6969f69,train/783bd6969f69.jpg,brood_dominant
78bfd55a1e65,train/78bfd55a1e65.jpg,brood_dominant
78c65501734b,train/78c65501734b.jpg,brood_dominant
793ffa8c2a6e,train/793ffa8c2a6e.jpg,brood_dominant
7943aa13bfb5,train/7943aa13bfb5.jpg,brood_dominant
795d8ca8fb0e,train/795d8ca8fb0e.jpg,brood_dominant
797ba1704519,train/797ba1704519.jpg,forage_dominant
798f98415e79,train/798f98415e79.jpg,sparse_uncertain
7a9a88b1d935,train/7a9a88b1d935.jpg,mixed_resource
7b15ccf37a93,train/7b15ccf37a93.jpg,brood_dominant
7bbf56f66a7c,train/7bbf56f66a7c.jpg,mixed_resource
7be604c5c1d5,train/7be604c5c1d5.jpg,mixed_resource
7c6e1189a885,train/7c6e1189a885.jpg,forage_dominant
7d2487198ec8,train/7d2487198ec8.jpg,forage_dominant
7d30f74f04bd,train/7d30f74f04bd.jpg,forage_dominant
7db6f696f17b,train/7db6f696f17b.jpg,sparse_uncertain
7dd83a20725b,train/7dd83a20725b.jpg,forage_dominant
7df6c49ba76b,train/7df6c49ba76b.jpg,forage_dominant
7e160611d86f,train/7e160611d86f.jpg,forage_dominant
7e9254f163fb,train/7e9254f163fb.jpg,brood_dominant
7e9275d4d862,train/7e9275d4d862.jpg,brood_dominant
7ea36f7672a9,train/7ea36f7672a9.jpg,brood_dominant
7edd3f47672f,train/7edd3f47672f.jpg,forage_dominant
7edd5254f234,train/7edd5254f234.jpg,sparse_uncertain
7eed223fa272,train/7eed223fa272.jpg,forage_dominant
7ef13ec5a12c,train/7ef13ec5a12c.jpg,sparse_uncertain
7f807282f32c,train/7f807282f32c.jpg,forage_dominant
7f8c8926786c,train/7f8c8926786c.jpg,brood_dominant
7fb24337ab4c,train/7fb24337ab4c.jpg,mixed_resource
801a08953b85,train/801a08953b85.jpg,brood_dominant
80285e2d0e8b,train/80285e2d0e8b.jpg,forage_dominant
8028601e4e6d,train/8028601e4e6d.jpg,brood_dominant
803406a72e59,train/803406a72e59.jpg,brood_dominant
80873a43cc49,train/80873a43cc49.jpg,forage_dominant
80ee6e7d0d70,train/80ee6e7d0d70.jpg,sparse_uncertain
810886323793,train/810886323793.jpg,forage_dominant
81391883e65d,train/81391883e65d.jpg,brood_dominant
814b60eb57b6,train/814b60eb57b6.jpg,mixed_resource
8160a320f55b,train/8160a320f55b.jpg,brood_dominant
8191c456b1f2,train/8191c456b1f2.jpg,brood_dominant
823154cd3b71,train/823154cd3b71.jpg,forage_dominant
8282b3e33227,train/8282b3e33227.jpg,brood_dominant
82cc26fc56a3,train/82cc26fc56a3.jpg,brood_dominant
832cfd1e74a3,train/832cfd1e74a3.jpg,sparse_uncertain
84b5c7637069,train/84b5c7637069.jpg,forage_dominant
84c436aeb6eb,train/84c436aeb6eb.jpg,mixed_resource
8564ee86223f,train/8564ee86223f.jpg,mixed_resource
8598c48c19fc,train/8598c48c19fc.jpg,forage_dominant
859b6e41f330,train/859b6e41f330.jpg,forage_dominant
85ab38a6def5,train/85ab38a6def5.jpg,mixed_resource
8640f9c42246,train/8640f9c42246.jpg,brood_dominant
8683a7aef26e,train/8683a7aef26e.jpg,forage_dominant
8694a7277ba4,train/8694a7277ba4.jpg,mixed_resource
86abed9298ae,train/86abed9298ae.jpg,brood_dominant
870c1358f38e,train/870c1358f38e.jpg,brood_dominant
871738ba21df,train/871738ba21df.jpg,forage_dominant
8732c7426e4c,train/8732c7426e4c.jpg,sparse_uncertain
87bbf6f03fbb,train/87bbf6f03fbb.jpg,brood_dominant
87c83be9340c,train/87c83be9340c.jpg,brood_dominant
880e9f55abcc,train/880e9f55abcc.jpg,forage_dominant
8826820deec4,train/8826820deec4.jpg,forage_dominant
886d338cb461,train/886d338cb461.jpg,forage_dominant
89419cd347d2,train/89419cd347d2.jpg,brood_dominant
8971bd9e1dd5,train/8971bd9e1dd5.jpg,forage_dominant
897590ee8e7c,train/897590ee8e7c.jpg,mixed_resource
89bbec9bda22,train/89bbec9bda22.jpg,brood_dominant
89cfa2ee4f26,train/89cfa2ee4f26.jpg,forage_dominant
89ddc379fc81,train/89ddc379fc81.jpg,mixed_resource
8aa968ad9489,train/8aa968ad9489.jpg,sparse_uncertain
8af76419b963,train/8af76419b963.jpg,forage_dominant
8b9826c7f554,train/8b9826c7f554.jpg,sparse_uncertain
8bc724a77b70,train/8bc724a77b70.jpg,forage_dominant
8bfe3a62f34b,train/8bfe3a62f34b.jpg,forage_dominant
8c35d2fa981d,train/8c35d2fa981d.jpg,brood_dominant
8c76f7b7f59f,train/8c76f7b7f59f.jpg,brood_dominant
8cb112a0b67e,train/8cb112a0b67e.jpg,mixed_resource
8ce7efd14553,train/8ce7efd14553.jpg,mixed_resource
8db4d3cbe3ca,train/8db4d3cbe3ca.jpg,brood_dominant
8dc42b80ce69,train/8dc42b80ce69.jpg,brood_dominant
8dca44ff4a57,train/8dca44ff4a57.jpg,brood_dominant
8e2e9d88d58f,train/8e2e9d88d58f.jpg,brood_dominant
8e4fcfbb354e,train/8e4fcfbb354e.jpg,forage_dominant
8e8c9950b0ae,train/8e8c9950b0ae.jpg,forage_dominant
8e928e52312d,train/8e928e52312d.jpg,forage_dominant
8ec24bf7b9ef,train/8ec24bf7b9ef.jpg,mixed_resource
8edef74716c6,train/8edef74716c6.jpg,brood_dominant
8ef850857575,train/8ef850857575.jpg,forage_dominant
8f8556c59460,train/8f8556c59460.jpg,sparse_uncertain
8fe31e7408ce,train/8fe31e7408ce.jpg,sparse_uncertain
90a1fb03ee0f,train/90a1fb03ee0f.jpg,mixed_resource
90af94f6dfc5,train/90af94f6dfc5.jpg,forage_dominant
90bbea905dd5,train/90bbea905dd5.jpg,sparse_uncertain
90f80cf3ccb7,train/90f80cf3ccb7.jpg,forage_dominant
91993cb1be9b,train/91993cb1be9b.jpg,brood_dominant
921781e5892e,train/921781e5892e.jpg,forage_dominant
921fc5c87820,train/921fc5c87820.jpg,forage_dominant
92d751eea204,train/92d751eea204.jpg,brood_dominant
92f605f8c02c,train/92f605f8c02c.jpg,mixed_resource
9346a461f46c,train/9346a461f46c.jpg,sparse_uncertain
93663a094a9d,train/93663a094a9d.jpg,brood_dominant
93a79abd1766,train/93a79abd1766.jpg,brood_dominant
93b36ab6bb55,train/93b36ab6bb55.jpg,brood_dominant
93c7ae13693c,train/93c7ae13693c.jpg,forage_dominant
93f3441aae78,train/93f3441aae78.jpg,brood_dominant
93ffa6d85903,train/93ffa6d85903.jpg,mixed_resource
946cc64ebb99,train/946cc64ebb99.jpg,brood_dominant
947891777235,train/947891777235.jpg,sparse_uncertain
947bdae6a971,train/947bdae6a971.jpg,brood_dominant
94fb21529003,train/94fb21529003.jpg,sparse_uncertain
953574ac98ac,train/953574ac98ac.jpg,mixed_resource
95771794c0bc,train/95771794c0bc.jpg,brood_dominant
9649d96eee3d,train/9649d96eee3d.jpg,forage_dominant
966e8611d603,train/966e8611d603.jpg,brood_dominant
967832d9db2e,train/967832d9db2e.jpg,mixed_resource
970d514b99c5,train/970d514b99c5.jpg,brood_dominant
9782148da92d,train/9782148da92d.jpg,sparse_uncertain
978f10b604f5,train/978f10b604f5.jpg,mixed_resource
98113f84ee3f,train/98113f84ee3f.jpg,mixed_resource
989a687c8279,train/989a687c8279.jpg,brood_dominant
98aef536aedb,train/98aef536aedb.jpg,brood_dominant
98e0e3a412b4,train/98e0e3a412b4.jpg,forage_dominant
9903d0cabb5d,train/9903d0cabb5d.jpg,brood_dominant
9923f9b13ec0,train/9923f9b13ec0.jpg,sparse_uncertain
992e44aadb23,train/992e44aadb23.jpg,forage_dominant
99e093d07109,train/99e093d07109.jpg,mixed_resource
9a34d618a399,train/9a34d618a399.jpg,sparse_uncertain
9a599e433de2,train/9a599e433de2.jpg,forage_dominant
9a5ea0a4940f,train/9a5ea0a4940f.jpg,sparse_uncertain
9a9035594586,train/9a9035594586.jpg,brood_dominant
9ca53fe7b8c9,train/9ca53fe7b8c9.jpg,sparse_uncertain
9cc3e0f68b6a,train/9cc3e0f68b6a.jpg,forage_dominant
9d84713cd881,train/9d84713cd881.jpg,brood_dominant
9dd7af4747f2,train/9dd7af4747f2.jpg,forage_dominant
9ed027867168,train/9ed027867168.jpg,brood_dominant
9f4daaf6768f,train/9f4daaf6768f.jpg,sparse_uncertain
9fe07ad7ad6b,train/9fe07ad7ad6b.jpg,brood_dominant
a0457be674c9,train/a0457be674c9.jpg,forage_dominant
a0a9ca1e71f2,train/a0a9ca1e71f2.jpg,forage_dominant
a16e5a6f9bf4,train/a16e5a6f9bf4.jpg,sparse_uncertain
a1a0d9103b20,train/a1a0d9103b20.jpg,mixed_resource
a1cb018d4232,train/a1cb018d4232.jpg,brood_dominant
a201fae4fbb2,train/a201fae4fbb2.jpg,brood_dominant
a22977a6d227,train/a22977a6d227.jpg,brood_dominant
a296dd6c1c8e,train/a296dd6c1c8e.jpg,forage_dominant
a2a7d4e51a91,train/a2a7d4e51a91.jpg,forage_dominant
a2b8542756b6,train/a2b8542756b6.jpg,brood_dominant
a2daba946927,train/a2daba946927.jpg,brood_dominant
a2e24ddc3796,train/a2e24ddc3796.jpg,brood_dominant
a35d41ae7f1d,train/a35d41ae7f1d.jpg,forage_dominant
a36de346aec6,train/a36de346aec6.jpg,forage_dominant
a39fbbc9d29e,train/a39fbbc9d29e.jpg,sparse_uncertain
a4588fc5e39b,train/a4588fc5e39b.jpg,brood_dominant
a4b1323c1862,train/a4b1323c1862.jpg,mixed_resource
a4c31c73f267,train/a4c31c73f267.jpg,brood_dominant
a4f1ab625c66,train/a4f1ab625c66.jpg,forage_dominant
a525da1ec28b,train/a525da1ec28b.jpg,mixed_resource
a566c15974ea,train/a566c15974ea.jpg,sparse_uncertain
a588d0c0b33f,train/a588d0c0b33f.jpg,brood_dominant
a5adb61171b8,train/a5adb61171b8.jpg,forage_dominant
a5bfbe4a0628,train/a5bfbe4a0628.jpg,mixed_resource
a6021d337705,train/a6021d337705.jpg,brood_dominant
a6d5c770f92c,train/a6d5c770f92c.jpg,mixed_resource
a707b140d0f3,train/a707b140d0f3.jpg,mixed_resource
a723ec9265a1,train/a723ec9265a1.jpg,forage_dominant
a7323b80ef0a,train/a7323b80ef0a.jpg,forage_dominant
a758c22a8d1e,train/a758c22a8d1e.jpg,brood_dominant
a7cb7b26affa,train/a7cb7b26affa.jpg,brood_dominant
a809c3f080de,train/a809c3f080de.jpg,mixed_resource
a897f09d22a7,train/a897f09d22a7.jpg,forage_dominant
a93816d74d06,train/a93816d74d06.jpg,forage_dominant
a9f1c68f1ea3,train/a9f1c68f1ea3.jpg,forage_dominant
aa04fc29a099,train/aa04fc29a099.jpg,brood_dominant
aaa5f9fcde41,train/aaa5f9fcde41.jpg,brood_dominant
aadf00cd11a2,train/aadf00cd11a2.jpg,forage_dominant
abb15267e7b7,train/abb15267e7b7.jpg,forage_dominant
abd04428ac84,train/abd04428ac84.jpg,brood_dominant
abf9968db40e,train/abf9968db40e.jpg,sparse_uncertain
ac6737794faa,train/ac6737794faa.jpg,brood_dominant
acb9286b347b,train/acb9286b347b.jpg,sparse_uncertain
ace63e674acc,train/ace63e674acc.jpg,brood_dominant
ad322aa9db5d,train/ad322aa9db5d.jpg,forage_dominant
ad4dceded9a8,train/ad4dceded9a8.jpg,forage_dominant
ad6060656a92,train/ad6060656a92.jpg,brood_dominant
ad69f233bd15,train/ad69f233bd15.jpg,sparse_uncertain
ad82438cfe2a,train/ad82438cfe2a.jpg,forage_dominant
adbf2d07261f,train/adbf2d07261f.jpg,sparse_uncertain
add5ac7b0451,train/add5ac7b0451.jpg,forage_dominant
adfb6181e3df,train/adfb6181e3df.jpg,mixed_resource
aea2f301ca80,train/aea2f301ca80.jpg,sparse_uncertain
aedde13102ab,train/aedde13102ab.jpg,mixed_resource
af4a8b775f33,train/af4a8b775f33.jpg,brood_dominant
af5b7025661f,train/af5b7025661f.jpg,sparse_uncertain
afb88d77ce17,train/afb88d77ce17.jpg,forage_dominant
b034b5dd9be0,train/b034b5dd9be0.jpg,sparse_uncertain
b0c071468a3f,train/b0c071468a3f.jpg,mixed_resource
b0c163d55448,train/b0c163d55448.jpg,sparse_uncertain
b1b124f8b47c,train/b1b124f8b47c.jpg,forage_dominant
b2b4a3b67689,train/b2b4a3b67689.jpg,mixed_resource
b2d3dfa9a77f,train/b2d3dfa9a77f.jpg,sparse_uncertain
b36b05184493,train/b36b05184493.jpg,forage_dominant
b373aaa89eba,train/b373aaa89eba.jpg,mixed_resource
b37c1cf4a2ad,train/b37c1cf4a2ad.jpg,forage_dominant
b40760a19073,train/b40760a19073.jpg,brood_dominant
b4174d23dee8,train/b4174d23dee8.jpg,mixed_resource
b42438932dcf,train/b42438932dcf.jpg,forage_dominant
b471961f39b2,train/b471961f39b2.jpg,mixed_resource
b4bbbb3969f2,train/b4bbbb3969f2.jpg,mixed_resource
b4c826806ada,train/b4c826806ada.jpg,forage_dominant
b5ae431ea83e,train/b5ae431ea83e.jpg,forage_dominant
b5b8e3c26117,train/b5b8e3c26117.jpg,sparse_uncertain
b5e471073c28,train/b5e471073c28.jpg,forage_dominant
b638ea63deff,train/b638ea63deff.jpg,brood_dominant
b7159f0acad1,train/b7159f0acad1.jpg,sparse_uncertain
b769fadbb1b4,train/b769fadbb1b4.jpg,mixed_resource
b785dd88f0c3,train/b785dd88f0c3.jpg,sparse_uncertain
b7cda92ec21f,train/b7cda92ec21f.jpg,brood_dominant
b8c90564d6ca,train/b8c90564d6ca.jpg,forage_dominant
b8de45e17f5d,train/b8de45e17f5d.jpg,forage_dominant
b97548ffa472,train/b97548ffa472.jpg,brood_dominant
b9ae5709f8c2,train/b9ae5709f8c2.jpg,brood_dominant
ba2b60d0b00b,train/ba2b60d0b00b.jpg,forage_dominant
ba6921ef8a5b,train/ba6921ef8a5b.jpg,mixed_resource
ba763932c332,train/ba763932c332.jpg,forage_dominant
ba8f810cbab2,train/ba8f810cbab2.jpg,forage_dominant
bafe8d5978ed,train/bafe8d5978ed.jpg,brood_dominant
bb3953abd108,train/bb3953abd108.jpg,forage_dominant
bb5a0982d427,train/bb5a0982d427.jpg,sparse_uncertain
bb6cf1d9430e,train/bb6cf1d9430e.jpg,forage_dominant
bba81a35b55f,train/bba81a35b55f.jpg,brood_dominant
bbcc3b6fd29e,train/bbcc3b6fd29e.jpg,forage_dominant
bbd64fd2e538,train/bbd64fd2e538.jpg,forage_dominant
bc87d8147836,train/bc87d8147836.jpg,sparse_uncertain
bc973e03572e,train/bc973e03572e.jpg,mixed_resource
bc9de19d3a30,train/bc9de19d3a30.jpg,mixed_resource
bcd537befab4,train/bcd537befab4.jpg,forage_dominant
bcd95305db97,train/bcd95305db97.jpg,forage_dominant
bcfb9cf41138,train/bcfb9cf41138.jpg,brood_dominant
bd298a0942c2,train/bd298a0942c2.jpg,forage_dominant
bd361fa8db79,train/bd361fa8db79.jpg,forage_dominant
bd6d4fee6874,train/bd6d4fee6874.jpg,brood_dominant
bda5c2f79c41,train/bda5c2f79c41.jpg,forage_dominant
be0c3ad00141,train/be0c3ad00141.jpg,forage_dominant
be172ff3a146,train/be172ff3a146.jpg,forage_dominant
be213fa303af,train/be213fa303af.jpg,mixed_resource
be56cc5902e4,train/be56cc5902e4.jpg,forage_dominant
be870c4d9a5d,train/be870c4d9a5d.jpg,forage_dominant
be8f94b5244e,train/be8f94b5244e.jpg,mixed_resource
bec00bf0b6b6,train/bec00bf0b6b6.jpg,mixed_resource
befe83210cb6,train/befe83210cb6.jpg,forage_dominant
befedfeb384e,train/befedfeb384e.jpg,forage_dominant
bf4d05f61114,train/bf4d05f61114.jpg,brood_dominant
bf6a377517ef,train/bf6a377517ef.jpg,forage_dominant
bfef3f00b84e,train/bfef3f00b84e.jpg,sparse_uncertain
c0170a10ffef,train/c0170a10ffef.jpg,brood_dominant
c03a59d22633,train/c03a59d22633.jpg,brood_dominant
c0628ca26a8b,train/c0628ca26a8b.jpg,brood_dominant
c0675645cc2c,train/c0675645cc2c.jpg,brood_dominant
c0a26ec10948,train/c0a26ec10948.jpg,sparse_uncertain
c0b0caec5220,train/c0b0caec5220.jpg,brood_dominant
c16394c4fe4c,train/c16394c4fe4c.jpg,brood_dominant
c1ba4d2218aa,train/c1ba4d2218aa.jpg,brood_dominant
c224d5d1500e,train/c224d5d1500e.jpg,mixed_resource
c2bc8682f07e,train/c2bc8682f07e.jpg,brood_dominant
c2dda9cfde96,train/c2dda9cfde96.jpg,sparse_uncertain
c30ec6b865b6,train/c30ec6b865b6.jpg,mixed_resource
c445d39426b7,train/c445d39426b7.jpg,brood_dominant
c454ab72d80e,train/c454ab72d80e.jpg,brood_dominant
c4c1cb690ffa,train/c4c1cb690ffa.jpg,brood_dominant
c4f2a46aa657,train/c4f2a46aa657.jpg,brood_dominant
c5313b38b1ce,train/c5313b38b1ce.jpg,brood_dominant
c5b01298d005,train/c5b01298d005.jpg,mixed_resource
c5be02426cb5,train/c5be02426cb5.jpg,brood_dominant
c60e5a17f068,train/c60e5a17f068.jpg,sparse_uncertain
c758f97a3308,train/c758f97a3308.jpg,forage_dominant
c7671eea9306,train/c7671eea9306.jpg,mixed_resource
c78f47e9687d,train/c78f47e9687d.jpg,brood_dominant
c7f47b643710,train/c7f47b643710.jpg,sparse_uncertain
c81db9137c1f,train/c81db9137c1f.jpg,forage_dominant
c822cccb9395,train/c822cccb9395.jpg,brood_dominant
c879c3f97322,train/c879c3f97322.jpg,sparse_uncertain
c87ce49d49c4,train/c87ce49d49c4.jpg,sparse_uncertain
c8c982be5c4f,train/c8c982be5c4f.jpg,mixed_resource
c92306e34ca9,train/c92306e34ca9.jpg,forage_dominant
c92dedfd0afa,train/c92dedfd0afa.jpg,forage_dominant
c98f0b3be324,train/c98f0b3be324.jpg,brood_dominant
c9bc46a09ed2,train/c9bc46a09ed2.jpg,forage_dominant
c9d36659ca39,train/c9d36659ca39.jpg,brood_dominant
c9f55eb798d5,train/c9f55eb798d5.jpg,brood_dominant
ca12b940e355,train/ca12b940e355.jpg,brood_dominant
ca42ac807794,train/ca42ac807794.jpg,mixed_resource
ca9ef2aed226,train/ca9ef2aed226.jpg,brood_dominant
cb09ccbc9ced,train/cb09ccbc9ced.jpg,forage_dominant
cb796bfcbed7,train/cb796bfcbed7.jpg,forage_dominant
cb85b2c45969,train/cb85b2c45969.jpg,forage_dominant
cbf442e9b3d6,train/cbf442e9b3d6.jpg,brood_dominant
cbf70b2c0bbe,train/cbf70b2c0bbe.jpg,brood_dominant
cc425baeccae,train/cc425baeccae.jpg,mixed_resource
cd1fd15cc711,train/cd1fd15cc711.jpg,forage_dominant
cd27e4655f42,train/cd27e4655f42.jpg,brood_dominant
cdbd7c8e7b96,train/cdbd7c8e7b96.jpg,forage_dominant
ce27a37581c0,train/ce27a37581c0.jpg,sparse_uncertain
ce4964dffeaa,train/ce4964dffeaa.jpg,brood_dominant
ce9ef2d5792c,train/ce9ef2d5792c.jpg,forage_dominant
cf0d89a5c1c3,train/cf0d89a5c1c3.jpg,forage_dominant
cf1f46caf6e7,train/cf1f46caf6e7.jpg,forage_dominant
cf7fcd556ea6,train/cf7fcd556ea6.jpg,brood_dominant
cfbd4abedaf8,train/cfbd4abedaf8.jpg,brood_dominant
cfd6cfd40d6e,train/cfd6cfd40d6e.jpg,brood_dominant
d0d273933a67,train/d0d273933a67.jpg,brood_dominant
d1265befa94e,train/d1265befa94e.jpg,forage_dominant
d14ede1cd712,train/d14ede1cd712.jpg,brood_dominant
d1ddc66b18da,train/d1ddc66b18da.jpg,mixed_resource
d1eda7b9dc7a,train/d1eda7b9dc7a.jpg,brood_dominant
d206739868e5,train/d206739868e5.jpg,sparse_uncertain
d22980e6f81c,train/d22980e6f81c.jpg,mixed_resource
d271713f50b7,train/d271713f50b7.jpg,forage_dominant
d281e71bd075,train/d281e71bd075.jpg,sparse_uncertain
d2c8f057768b,train/d2c8f057768b.jpg,forage_dominant
d2f1d8071598,train/d2f1d8071598.jpg,forage_dominant
d2f3fbc24ceb,train/d2f3fbc24ceb.jpg,forage_dominant
d31a3bf8b7a6,train/d31a3bf8b7a6.jpg,sparse_uncertain
d3bc03faab9a,train/d3bc03faab9a.jpg,brood_dominant
d41c0eeda16f,train/d41c0eeda16f.jpg,mixed_resource
d420e47fa1fd,train/d420e47fa1fd.jpg,forage_dominant
d4362fa73884,train/d4362fa73884.jpg,sparse_uncertain
d45b08af614a,train/d45b08af614a.jpg,forage_dominant
d45d43888e3a,train/d45d43888e3a.jpg,brood_dominant
d4bc15af8f02,train/d4bc15af8f02.jpg,brood_dominant
d4d2ee911f4f,train/d4d2ee911f4f.jpg,sparse_uncertain
d5a3a20aba08,train/d5a3a20aba08.jpg,forage_dominant
d5c840466fcb,train/d5c840466fcb.jpg,sparse_uncertain
d65fb19cea7d,train/d65fb19cea7d.jpg,forage_dominant
d672d48a6c80,train/d672d48a6c80.jpg,mixed_resource
d6bab1e6407f,train/d6bab1e6407f.jpg,brood_dominant
d7377200aa34,train/d7377200aa34.jpg,forage_dominant
d77fb7b69350,train/d77fb7b69350.jpg,forage_dominant
d7c733791e14,train/d7c733791e14.jpg,mixed_resource
d7cbc54d2f8f,train/d7cbc54d2f8f.jpg,forage_dominant
d7eabdecaa97,train/d7eabdecaa97.jpg,forage_dominant
d7ebbcac8a63,train/d7ebbcac8a63.jpg,forage_dominant
d8138773ddba,train/d8138773ddba.jpg,mixed_resource
d8519359df15,train/d8519359df15.jpg,forage_dominant
d8664c869c17,train/d8664c869c17.jpg,sparse_uncertain
d887b4b0058f,train/d887b4b0058f.jpg,mixed_resource
d8ad2bc4ea53,train/d8ad2bc4ea53.jpg,forage_dominant
d8e0719edd5f,train/d8e0719edd5f.jpg,sparse_uncertain
d8e8ba1e292f,train/d8e8ba1e292f.jpg,brood_dominant
d909f494e26a,train/d909f494e26a.jpg,forage_dominant
d938b4a70091,train/d938b4a70091.jpg,sparse_uncertain
d94109243f69,train/d94109243f69.jpg,forage_dominant
d9e05589ab39,train/d9e05589ab39.jpg,mixed_resource
da5631b57ddf,train/da5631b57ddf.jpg,sparse_uncertain
dae86d26c6a8,train/dae86d26c6a8.jpg,brood_dominant
db083810b8db,train/db083810b8db.jpg,sparse_uncertain
dc891d80a0b0,train/dc891d80a0b0.jpg,forage_dominant
dce48d7a3d64,train/dce48d7a3d64.jpg,forage_dominant
dcf2bf15684b,train/dcf2bf15684b.jpg,forage_dominant
dd1a345dedb9,train/dd1a345dedb9.jpg,brood_dominant
dd7fbb84227b,train/dd7fbb84227b.jpg,forage_dominant
dd972651b937,train/dd972651b937.jpg,brood_dominant
dd9d1994a49f,train/dd9d1994a49f.jpg,sparse_uncertain
de16586c43b6,train/de16586c43b6.jpg,forage_dominant
de9a430ec824,train/de9a430ec824.jpg,forage_dominant
dea06068b9ea,train/dea06068b9ea.jpg,sparse_uncertain
def1e8041692,train/def1e8041692.jpg,mixed_resource
df5ce66dee26,train/df5ce66dee26.jpg,forage_dominant
df5dcf676cab,train/df5dcf676cab.jpg,forage_dominant
df8f391b9703,train/df8f391b9703.jpg,mixed_resource
dfbf54b8f7f8,train/dfbf54b8f7f8.jpg,brood_dominant
dff18a4bf83b,train/dff18a4bf83b.jpg,mixed_resource
dff605987567,train/dff605987567.jpg,forage_dominant
e0219510301c,train/e0219510301c.jpg,brood_dominant
e078805d6dbb,train/e078805d6dbb.jpg,mixed_resource
e085b130754f,train/e085b130754f.jpg,mixed_resource
e0968336307e,train/e0968336307e.jpg,forage_dominant
e09888d744c0,train/e09888d744c0.jpg,forage_dominant
e0a0287fb43b,train/e0a0287fb43b.jpg,brood_dominant
e0ccaf7eaea2,train/e0ccaf7eaea2.jpg,forage_dominant
e12ce0e9c22b,train/e12ce0e9c22b.jpg,forage_dominant
e14b855997c1,train/e14b855997c1.jpg,forage_dominant
e1a5ef899ae7,train/e1a5ef899ae7.jpg,forage_dominant
e1c2adc20373,train/e1c2adc20373.jpg,brood_dominant
e1da997a33d9,train/e1da997a33d9.jpg,brood_dominant
e1dca1e12f43,train/e1dca1e12f43.jpg,brood_dominant
e1fa8129e2fb,train/e1fa8129e2fb.jpg,forage_dominant
e21d47318b4a,train/e21d47318b4a.jpg,forage_dominant
e23278b61d5d,train/e23278b61d5d.jpg,mixed_resource
e276f1897eef,train/e276f1897eef.jpg,mixed_resource
e29420fae4e4,train/e29420fae4e4.jpg,brood_dominant
e2bccb5d103e,train/e2bccb5d103e.jpg,brood_dominant
e2c83eb18301,train/e2c83eb18301.jpg,brood_dominant
e303cb2620e4,train/e303cb2620e4.jpg,sparse_uncertain
e42f01476fb2,train/e42f01476fb2.jpg,forage_dominant
e43f246d1f06,train/e43f246d1f06.jpg,brood_dominant
e497545c6565,train/e497545c6565.jpg,sparse_uncertain
e4e9ef4b7365,train/e4e9ef4b7365.jpg,forage_dominant
e4fb6540dad2,train/e4fb6540dad2.jpg,sparse_uncertain
e524e03300a4,train/e524e03300a4.jpg,forage_dominant
e5711ea9c4cd,train/e5711ea9c4cd.jpg,mixed_resource
e5b9910a4a4e,train/e5b9910a4a4e.jpg,forage_dominant
e5bc0efc0a26,train/e5bc0efc0a26.jpg,brood_dominant
e5cf26d939b5,train/e5cf26d939b5.jpg,sparse_uncertain
e5fd076162aa,train/e5fd076162aa.jpg,forage_dominant
e61a17481859,train/e61a17481859.jpg,mixed_resource
e6c79936697d,train/e6c79936697d.jpg,brood_dominant
e6f3e5ab40de,train/e6f3e5ab40de.jpg,brood_dominant
e6f736b80c6d,train/e6f736b80c6d.jpg,forage_dominant
e73020e2363c,train/e73020e2363c.jpg,sparse_uncertain
e74eb15c16bb,train/e74eb15c16bb.jpg,brood_dominant
e78407b3ef9d,train/e78407b3ef9d.jpg,sparse_uncertain
e879245f677f,train/e879245f677f.jpg,brood_dominant
e8cfc9a29037,train/e8cfc9a29037.jpg,brood_dominant
e8dbeb5e1281,train/e8dbeb5e1281.jpg,forage_dominant
e90f117eb12b,train/e90f117eb12b.jpg,mixed_resource
e97e6bc3e09a,train/e97e6bc3e09a.jpg,forage_dominant
e99abbd05843,train/e99abbd05843.jpg,mixed_resource
e9a10a7a1345,train/e9a10a7a1345.jpg,brood_dominant
e9e90f27e7df,train/e9e90f27e7df.jpg,mixed_resource
e9ff9b3350e2,train/e9ff9b3350e2.jpg,mixed_resource
ea7e541978f3,train/ea7e541978f3.jpg,sparse_uncertain
eb50b9e2ec0f,train/eb50b9e2ec0f.jpg,brood_dominant
eb81a1350cf0,train/eb81a1350cf0.jpg,brood_dominant
ec374f59ac87,train/ec374f59ac87.jpg,forage_dominant
ec767fcb7ea4,train/ec767fcb7ea4.jpg,brood_dominant
ece8845e977e,train/ece8845e977e.jpg,forage_dominant
ed3dfb437e03,train/ed3dfb437e03.jpg,brood_dominant
ed54751c4898,train/ed54751c4898.jpg,brood_dominant
ed5bc40d6807,train/ed5bc40d6807.jpg,sparse_uncertain
ed73d01a7ffa,train/ed73d01a7ffa.jpg,brood_dominant
edb87cdfa27b,train/edb87cdfa27b.jpg,forage_dominant
ee1222f21f38,train/ee1222f21f38.jpg,forage_dominant
ee73bba240a6,train/ee73bba240a6.jpg,forage_dominant
ee892c28c2c8,train/ee892c28c2c8.jpg,forage_dominant
eea16942f1f0,train/eea16942f1f0.jpg,brood_dominant
eeb315fb1bf4,train/eeb315fb1bf4.jpg,brood_dominant
eeb5faafa0d2,train/eeb5faafa0d2.jpg,brood_dominant
ef214c519638,train/ef214c519638.jpg,brood_dominant
ef4943417276,train/ef4943417276.jpg,brood_dominant
ef831da1d9c4,train/ef831da1d9c4.jpg,sparse_uncertain
ef8572e033d3,train/ef8572e033d3.jpg,forage_dominant
efb5eb80bc9f,train/efb5eb80bc9f.jpg,forage_dominant
f017e2b4d4b3,train/f017e2b4d4b3.jpg,forage_dominant
f02c8c59ecf3,train/f02c8c59ecf3.jpg,forage_dominant
f02d52f630b4,train/f02d52f630b4.jpg,forage_dominant
f05c2365491a,train/f05c2365491a.jpg,forage_dominant
f0a86aec3107,train/f0a86aec3107.jpg,brood_dominant
f0ae5d311ada,train/f0ae5d311ada.jpg,forage_dominant
f0bfe2bf1bba,train/f0bfe2bf1bba.jpg,forage_dominant
f0ceccbdf53d,train/f0ceccbdf53d.jpg,mixed_resource
f0dae57f34ab,train/f0dae57f34ab.jpg,sparse_uncertain
f117b8084f90,train/f117b8084f90.jpg,mixed_resource
f1329e16caaf,train/f1329e16caaf.jpg,brood_dominant
f18d18e96bf5,train/f18d18e96bf5.jpg,brood_dominant
f1bdb9fb2a65,train/f1bdb9fb2a65.jpg,forage_dominant
f1f614b4c002,train/f1f614b4c002.jpg,sparse_uncertain
f24510abc178,train/f24510abc178.jpg,brood_dominant
f2590ad89faa,train/f2590ad89faa.jpg,sparse_uncertain
f26a05b056ea,train/f26a05b056ea.jpg,brood_dominant
f2d14d4ec7dc,train/f2d14d4ec7dc.jpg,mixed_resource
f34d54d91ec6,train/f34d54d91ec6.jpg,mixed_resource
f363a6b2ed66,train/f363a6b2ed66.jpg,forage_dominant
f36a6e25e11e,train/f36a6e25e11e.jpg,brood_dominant
f39c73405c08,train/f39c73405c08.jpg,forage_dominant
f3d29908deff,train/f3d29908deff.jpg,brood_dominant
f3e3bca43a98,train/f3e3bca43a98.jpg,brood_dominant
f4358904f2c7,train/f4358904f2c7.jpg,brood_dominant
f456aeb990b3,train/f456aeb990b3.jpg,sparse_uncertain
f470feefd3a6,train/f470feefd3a6.jpg,forage_dominant
f4881bbe9534,train/f4881bbe9534.jpg,mixed_resource
f49ffc64ca5c,train/f49ffc64ca5c.jpg,sparse_uncertain
f534981f0474,train/f534981f0474.jpg,brood_dominant
f54a2deae6fa,train/f54a2deae6fa.jpg,forage_dominant
f590a4326d48,train/f590a4326d48.jpg,brood_dominant
f59111f0896d,train/f59111f0896d.jpg,sparse_uncertain
f5e155eec545,train/f5e155eec545.jpg,mixed_resource
f5f3b9a0c168,train/f5f3b9a0c168.jpg,forage_dominant
f66c9f7c4312,train/f66c9f7c4312.jpg,mixed_resource
f672e7f45858,train/f672e7f45858.jpg,brood_dominant
f6bf3737cf06,train/f6bf3737cf06.jpg,forage_dominant
f7672729b97e,train/f7672729b97e.jpg,forage_dominant
f7abf0f840af,train/f7abf0f840af.jpg,brood_dominant
f7cedd5968d1,train/f7cedd5968d1.jpg,forage_dominant
f7fc74a4ce34,train/f7fc74a4ce34.jpg,brood_dominant
f8d9d34cbe94,train/f8d9d34cbe94.jpg,sparse_uncertain
f8ef20c9a068,train/f8ef20c9a068.jpg,brood_dominant
f95a12436829,train/f95a12436829.jpg,forage_dominant
fa1ac5a439be,train/fa1ac5a439be.jpg,forage_dominant
faef7ad52015,train/faef7ad52015.jpg,mixed_resource
fb420a9a19c3,train/fb420a9a19c3.jpg,forage_dominant
fb8915771147,train/fb8915771147.jpg,brood_dominant
fbb81089a294,train/fbb81089a294.jpg,brood_dominant
fbbc9dbc69d9,train/fbbc9dbc69d9.jpg,mixed_resource
fbd3d411c62e,train/fbd3d411c62e.jpg,brood_dominant
fbfdccdadfc5,train/fbfdccdadfc5.jpg,forage_dominant
fc1abd736f07,train/fc1abd736f07.jpg,forage_dominant
fc57a9e71a3f,train/fc57a9e71a3f.jpg,brood_dominant
fc5b27433498,train/fc5b27433498.jpg,brood_dominant
fccab3b8b91e,train/fccab3b8b91e.jpg,brood_dominant
fcd4e5565e7e,train/fcd4e5565e7e.jpg,mixed_resource
fd07eeb87980,train/fd07eeb87980.jpg,forage_dominant
fd4677678153,train/fd4677678153.jpg,forage_dominant
fda5403e2ff6,train/fda5403e2ff6.jpg,sparse_uncertain
fdd2d0370a88,train/fdd2d0370a88.jpg,brood_dominant
fdf9ec1da08d,train/fdf9ec1da08d.jpg,brood_dominant
fe8863e5234d,train/fe8863e5234d.jpg,mixed_resource
fef48bfc0d5f,train/fef48bfc0d5f.jpg,brood_dominant
ff1af07c0bb3,train/ff1af07c0bb3.jpg,mixed_resource
ff25bda218ea,train/ff25bda218ea.jpg,forage_dominant
ff8f550df9c7,train/ff8f550df9c7.jpg,brood_dominant
ffc91b0678e1,train/ffc91b0678e1.jpg,sparse_uncertain
ffe328019d1f,train/ffe328019d1f.jpg,brood_dominant
